aliasArtist,aliasTitle,artist,title
AC DC,Back in black,AC/DC,Back in Black
AC DC,Highway to hell,AC/DC,Highway to Hell
Alan Parson Project,Eye in the sky,The Alan Parsons Project,Eye in the Sky
Beatles,Come together,The Beatles,Come Together
Beatles,I want you (she's so heavy),The Beatles,I Want You (She's So Heavy)
Guns n roses,My Michelle,Guns N' Roses,My Michelle
Jamiroquoi,Runaway,Jamiroquai,Runaway
Primus,Little Lord Fentanyl (feat. Pucifer),Primus,Little Lord Fentanyl (feat. Puscifer)
System of a Down,Chop suey !,System of a Down,Chop Suey!
